{"cameraMode":{"drawMode":0,"name":"Shaded","section":"Shading Mode"},"sceneLighting":true,"audioPlay":false,"sceneViewState":{"showFog":true,"showMaterialUpdate":false,"showSkybox":true,"showFlares":true,"showImageEffects":true,"showParticleSystems":true},"in2DMode":false,"pivot":{"x":0.07320000231266022,"y":0.0,"z":-0.3726000189781189},"rotation":{"x":0.4527835249900818,"y":-0.5387793779373169,"z":0.4333869516849518,"w":0.5629206299781799},"size":0.21080130338668824,"orthographic":true}