{"cameraMode":{"drawMode":0,"name":"Shaded","section":"Shading Mode"},"sceneLighting":true,"audioPlay":false,"sceneViewState":{"showFog":true,"showMaterialUpdate":false,"showSkybox":true,"showFlares":true,"showImageEffects":true,"showParticleSystems":true},"in2DMode":false,"pivot":{"x":336.0,"y":170.1999969482422,"z":-390.8999938964844},"rotation":{"x":0.1397554725408554,"y":-0.05047627165913582,"z":0.007133782841265202,"w":0.9888729453086853},"size":398.1690673828125,"orthographic":true}